distrito,monto
Callao,237.7590476190476
Desconocido,261.7489820359282
Lima,256.5645751633987
Miraflores,262.7588741721855
San Isidro,264.53115646258505
Surco,243.70437869822484
